id,name,gender,city,country
1,Atalanta MacMenamin,F,Charleston,United States
2,Doralynne Boulds,M,San Jose,United States
3,Herc Zarfat,M,Charleston,United States
4,Van Kivelle,M,Oklahoma City,United States
5,Cos Teggin,F,Naples,United States
6,Selia Dameisele,F,Houston,United States
7,Xymenes McGhie,M,Las Vegas,United States
8,Gloriana Smethurst,F,Tulsa,United States
9,Enoch Overil,F,Fort Worth,United States
10,Mickie Myles,M,Tuscaloosa,United States
11,Dynah Craven,M,Fort Worth,United States
12,Dasi Sewards,F,Fresno,United States
13,Sharron Rann,M,Beaumont,United States
14,Bart Neeve,F,Pasadena,United States
15,Shoshana Doumerque,M,Louisville,United States
16,Farlee Cowburn,M,Detroit,United States
17,Sheeree Mucillo,F,Lawrenceville,United States
18,Van Ianniello,M,Garland,United States
19,Shelly Selesnick,F,Palmdale,United States
20,Melessa Hackforth,M,Colorado Springs,United States
21,Consuelo Gocke,M,Rochester,United States
22,Felice Streak,M,Birmingham,United States
23,Grenville Roughley,F,Burbank,United States
24,Kayley Lawee,M,Albany,United States
25,Rosmunda Hellikes,F,Sterling,United States
26,Shannon Masic,M,Lexington,United States
27,Herta Jellis,M,Washington,United States
28,Rich Swatheridge,F,Knoxville,United States
29,Jaquelin Forrestor,M,Huntington,United States
30,Babette Vere,F,San Francisco,United States
